<?xml version="1.0" encoding="ISO-8859-1"?><metadata>
<idinfo>
<citation>
<citeinfo>
<origin>International Steering Committee for Global Mapping (ISCGM)</origin>
<pubdate>2006</pubdate>
<title>India Political Boundaries (polygons), 2006</title>
<geoform>vector digital data</geoform>
<onlink>http://www.columbia.edu/acis/eds/gis/images/iscgm_india_2007_bound.zip</onlink>
</citeinfo>
</citation>
<descript>
<abstract>India Political Boundaries is an area theme representing administrative areas in India. This layer is a component of the Global Map, a 1:1,000,000 scale framework dataset of the world. It consists of vector and raster layers of transport, administrative boundaries, drainage, elevation, vegetation, land use and land cover data. The data were prepared from information provided by national mapping and other organisations worldwide.</abstract>
<purpose>The concept of Global Mapping, and the establishment of an international body for Global Mapping, was first proposed by the Ministry of Construction of Japan (MOC) in 1992; and in 1994 the Geographical Survey Institute of Japan (GSI) proposed the first draft Map Specifications. The project currently involves the participation of many interested nations.

The main objective of this global project is to bring all nations and concerned organisations together to develop and provide easy and open access to global digital geographic information at a scale of 1:1 million. This would be used to facilitate the implementation of global agreements and conventions for environmental protection, for monitoring of major environmental phenomena and to encourage economic growth within the context of sustainable development. As part of this objective, a Global Map product will be developed to this specification.

The Global Map will also contribute to the development of a Global Spatial Data Infrastructure.</purpose>
</descript>
<timeperd>
<timeinfo>
<sngdate>
<caldate>2008</caldate>
</sngdate>
</timeinfo>
<current>publication date</current>
</timeperd>
<status>
<progress>Complete</progress>
<update>Unknown</update>
</status>
<spdom>
<bounding>
<westbc>
68.123817</westbc>
<eastbc>
97.407837</eastbc>
<northbc>
37.089333</northbc>
<southbc>
6.762208</southbc>
</bounding>
</spdom>
<keywords>
<theme>
<themekt>ISO 19115 Topic Categories</themekt>
<themekey>boundaries</themekey>
</theme>
<theme>
<themekt>None</themekt>
<themekey>Territories</themekey>
<themekey>Administrative boundaries</themekey>
</theme>
<place>
<placekt>Library of Congress Subject Headings</placekt>
<placekey>India</placekey>
</place>
<temporal>
<tempkt>None</tempkt>
<tempkey>2008</tempkey>
</temporal>
</keywords>
<accconst>None</accconst>
<useconst>None</useconst>
<ptcontac>
<cntinfo>
<cntorgp>
<cntorg>International Steering Committee for Global Mapping (ISCGM)</cntorg>
<cntper>Global Map Secretariat</cntper>
</cntorgp>
<cntaddr>
<addrtype>mailing and physical address</addrtype>
<address>Geographical Survey Institute, Kitasato 1</address>
<city>Tsukuba</city>
<state>Ibaraki</state>
<postal>305-0811</postal>
<country>JAPAN</country>
</cntaddr>
<cntvoice>+81-29-864-6910</cntvoice>
<cntemail>sec@iscgm.org</cntemail>
</cntinfo>
</ptcontac>
<browse>
<browsen>http://www.columbia.edu/acis/eds/gis/pix/cat/indBound.jpg</browsen>
<browsed>Thumbnail Image</browsed>
<browset>JPEG</browset>
</browse>
<native>Microsoft Windows XP Version 5.1 (Build 2600) Service Pack 3; ESRI ArcCatalog 9.3.1.1850</native>
</idinfo>
<dataqual>
<attracc>
<attraccr>Completeness is a measure of the degree to which all features listed in the technical specification have been captured, in accordance with the selection criteria, definitions and other rules specified. All instances of a feature and its attribute values that meet the selection criteria and appear on the source materials are captured. The data is generalised so the selection of features is to some extent subjective.</attraccr>
</attracc>
<logic>Logical consistency is a measure of the degree to which data complies with the technical specification. Logical consistency was validated by tests to check that table and file names are set out as in the Data Dictionary. Graphical tests checking such things as intersections, polygon closure, minimum sizes of polygons and length of linear features were also carried out.</logic>
<complete>Completeness is a measure of the degree to which all features listed in the technical specification have been captured, in accordance with the selection criteria, definitions and other rules specified. All instances of a feature and its attribute values that meet the selection criteria and appear on the source materials are captured. The data is generalised so the selection of features is to some extent subjective.</complete>
<posacc>
<horizpa>
<horizpar>For horizontal accuracy, 90% of points will be within 2km of their actual
location. In the case of data obtained from satellite images, the maximum error
is less than or equal to 0.5km.</horizpar>
</horizpa>
<vertacc>
<vertaccr>Vertical accuracy is notionally  within 150 metres for 90% of points. This figure may
need to be reviewed once the data are available, as sources to this accuracy
may not be available in areas of high relief.</vertaccr>
</vertacc>
</posacc>
<lineage>
<procstep>
<procdesc>The following steps were performed by EDS staff: A new feature class was created, the ISCGM layer was appended into the new feature class, the projection was defined, and the feature were dissolved to remove the sections created by the tiling of the datasets.</procdesc>
<procdate>2009</procdate>
<proccont>
<cntinfo>
<cntorgp>
<cntorg>Research Data Services (RDS), Columbia University Libraries</cntorg>
</cntorgp>
<cntaddr>
<addrtype>mailing address</addrtype>
<address>420 W. 118th St. 215 IAB, MC 3301</address>
<city>New York</city>
<state>NY</state>
<postal>10027</postal>
<country>USA</country>
</cntaddr>
<cntvoice>(212) 854-6012</cntvoice>
<cntemail>data@library.columbia.edu</cntemail>
</cntinfo>
</proccont>
</procstep>
</lineage>
</dataqual>
<spdoinfo>
<direct>Vector</direct>
<ptvctinf>
<sdtsterm>
<sdtstype>G-polygon</sdtstype>
<ptvctcnt>594</ptvctcnt>
</sdtsterm>
</ptvctinf>
</spdoinfo>
<spref>
<horizsys>
<geograph>
<latres>0.000000</latres>
<longres>0.000000</longres>
<geogunit>Decimal degrees</geogunit>
</geograph>
<geodetic>
<horizdn>D_WGS_1984</horizdn>
<ellips>WGS_1984</ellips>
<semiaxis>6378137.000000</semiaxis>
<denflat>298.257224</denflat>
</geodetic>
</horizsys>
<vertdef>
<altsys>
<altres>0.000100</altres>
<altenc>Explicit elevation coordinate included with horizontal coordinates</altenc>
</altsys>
</vertdef>
</spref>
<eainfo>
<detailed>
<enttyp>
<enttypl>
indBound</enttypl>
</enttyp>
<attr>
<attrlabl>FID</attrlabl>
<attrdef>Internal feature number.</attrdef>
<attrdefs>ESRI</attrdefs>
<attrdomv>
<udom>Sequential unique whole numbers that are automatically generated.</udom>
</attrdomv>
</attr>
<attr>
<attrlabl>Shape</attrlabl>
<attrdef>Feature geometry.</attrdef>
<attrdefs>ESRI</attrdefs>
<attrdomv>
<udom>Coordinates defining the features.</udom>
</attrdomv>
</attr>
<attr>
<attrlabl>laa</attrlabl>
</attr>
<attr>
<attrlabl>FIRST_f_co</attrlabl>
</attr>
<attr>
<attrlabl>FIRST_f__1</attrlabl>
</attr>
<attr>
<attrlabl>FIRST_coc</attrlabl>
</attr>
<attr>
<attrlabl>FIRST_nam</attrlabl>
</attr>
<attr>
<attrlabl>FIRST_soc</attrlabl>
</attr>
</detailed>
</eainfo>
<distinfo>
<distrib>
<cntinfo>
<cntorgp>
<cntorg>International Steering Committee for Global Mapping (ISCGM)</cntorg>
<cntper>Global Map Secretariat</cntper>
</cntorgp>
<cntaddr>
<addrtype>mailing and physical address</addrtype>
<address>Geographical Survey Institute, Kitasato 1</address>
<city>Tsukuba</city>
<state>Ibaraki</state>
<postal>305-0811</postal>
<country>305-0811</country>
</cntaddr>
<cntvoice>+81-29-864-6910</cntvoice>
<cntfax>+81-29-864-6923</cntfax>
<cntemail>sec@iscgm.org</cntemail>
</cntinfo>
</distrib>
<resdesc>iscgm_india_2007_bound</resdesc>
<stdorder>
<digform>
<digtinfo>
<transize>0.619</transize>
</digtinfo>
</digform>
</stdorder>
</distinfo>
<metainfo>
<metd>20090817</metd>
<metc>
<cntinfo>
<cntorgp>
<cntorg>Research Data Services (RDS), Columbia University Libraries</cntorg>
<cntper>GIS/Metadata Librarian</cntper>
</cntorgp>
<cntaddr>
<addrtype>mailing and physical address</addrtype>
<address>420 W. 118th St., 215 IAB, MC 3301</address>
<city>New York</city>
<state>NY</state>
<postal>10027</postal>
</cntaddr>
<cntvoice>(212)854-6012</cntvoice>
<cntemail>data@library.columbia.edu</cntemail>
</cntinfo>
</metc>
<metstdn>FGDC Content Standards for Digital Geospatial Metadata</metstdn>
<metstdv>FGDC-STD-001-1998</metstdv>
<mettc>local time</mettc>
<metextns>
<onlink>http://www.esri.com/metadata/esriprof80.html</onlink>
<metprof>ESRI Metadata Profile</metprof>
</metextns>
</metainfo>
</metadata>
